enviado_em,chave,id_oferta,origem,destino,data_partida,preco,score,motivo
2026-09-03T23:28:19-03:00,GRU|AMS|2027-04-18|Air Europa,7c2f7b17fa24,GRU,AMS,2027-04-18,3435.0,79.8,oportunidade dentro dos criterios
2026-09-05T10:37:23-03:00,GRU|AMS|2027-04-18|United,841de97db4b7,GRU,AMS,2027-04-18,2941.0,78.5,oportunidade dentro dos criterios
2026-09-05T10:37:23-03:00,GRU|FRA|2027-04-18|Air Europa,5acefc48a67a,GRU,FRA,2027-04-18,3325.0,77.4,oportunidade dentro dos criterios
2026-09-05T10:37:24-03:00,GRU|MUC|2027-04-18|Air Europa,cac71579581b,GRU,MUC,2027-04-18,3325.0,75.8,oportunidade dentro dos criterios
2026-09-11T23:40:16-03:00,GIG|AMS|2027-04-18|Tap Air Portugal,ebb951d44e88,GIG,AMS,2027-04-18,3781.0,94.5,score excelente
2026-09-11T23:40:17-03:00,GRU|AMS|2027-04-18|Air Europa,7c2f7b17fa24,GRU,AMS,2027-04-18,3426.0,82.1,lembrete: continua disponivel ha 7 dias
2026-09-13T11:45:03-03:00,GRU|FRA|2027-04-18|Air Europa,5acefc48a67a,GRU,FRA,2027-04-18,3304.0,82.9,lembrete: continua disponivel ha 7 dias
2026-09-13T11:45:05-03:00,GRU|AMS|2027-04-18|United,841de97db4b7,GRU,AMS,2027-04-18,2678.0,80.3,queda de R$ 263 (9%) desde o ultimo alerta
2026-09-13T11:45:06-03:00,GRU|MUC|2027-04-18|Air Europa,cac71579581b,GRU,MUC,2027-04-18,3304.0,76.6,lembrete: continua disponivel ha 7 dias
2026-09-19T11:03:31-03:00,GRU|AMS|2027-04-18|Air Europa,7c2f7b17fa24,GRU,AMS,2027-04-18,3453.0,81.7,lembrete: continua disponivel ha 7 dias
2026-09-21T13:43:32-03:00,GRU|FRA|2027-04-18|Air Europa,5acefc48a67a,GRU,FRA,2027-04-18,3345.0,84.1,lembrete: continua disponivel ha 7 dias
2026-09-21T13:43:32-03:00,GRU|MUC|2027-04-18|Air Europa,cac71579581b,GRU,MUC,2027-04-18,3345.0,75.4,lembrete: continua disponivel ha 7 dias
2026-09-26T00:02:52-03:00,GIG|AMS|2027-04-18|Tap Air Portugal,ebb951d44e88,GIG,AMS,2027-04-18,3826.0,85.5,lembrete: continua disponivel ha 7 dias
2026-09-26T00:02:53-03:00,GRU|FRA|2027-04-18|Tap Air Portugal,44402e0aba5f,GRU,FRA,2027-04-18,3549.0,81.8,oportunidade dentro dos criterios
2026-09-26T00:02:53-03:00,GRU|AMS|2027-04-18|United,841de97db4b7,GRU,AMS,2027-04-18,2956.0,78.7,lembrete: continua disponivel ha 7 dias
2026-09-27T12:28:10-03:00,GRU|AMS|2027-04-18|Air Europa,7c2f7b17fa24,GRU,AMS,2027-04-18,3537.0,80.2,lembrete: continua disponivel ha 7 dias
2026-09-29T00:44:09-03:00,GRU|FRA|2027-04-18|Air Europa,5acefc48a67a,GRU,FRA,2027-04-18,3526.0,82.1,lembrete: continua disponivel ha 7 dias
2026-10-04T12:34:28-03:00,GIG|FRA|2027-04-18|Tap Air Portugal,caae135e5a67,GIG,FRA,2027-04-18,3411.0,83.2,oportunidade dentro dos criterios
2026-10-04T12:34:29-03:00,GRU|FRA|2027-04-18|Tap Air Portugal,44402e0aba5f,GRU,FRA,2027-04-18,3577.0,81.7,lembrete: continua disponivel ha 7 dias
2026-10-06T01:21:41-03:00,GIG|FRA|2027-04-18|Tap Air Portugal,df84a8ed448d,GIG,FRA,2027-04-18,3264.0,91.2,score subiu de 83 para 91
2026-10-06T01:21:42-03:00,GRU|FRA|2027-04-18|Air Europa,5acefc48a67a,GRU,FRA,2027-04-18,3377.0,84.7,lembrete: continua disponivel ha 7 dias
2026-10-06T01:21:42-03:00,GRU|AMS|2027-04-18|United,841de97db4b7,GRU,AMS,2027-04-18,2850.0,79.4,lembrete: continua disponivel ha 7 dias
2026-10-09T01:06:48-03:00,GIG|MUC|2027-04-18|Tap Air Portugal,20f13fb07006,GIG,MUC,2027-04-18,3684.0,86.9,oportunidade dentro dos criterios
2026-10-09T01:06:49-03:00,GIG|AMS|2027-04-17|Tap Air Portugal,47dfa30e8568,GIG,AMS,2027-04-17,3702.0,78.8,oportunidade dentro dos criterios
2026-10-09T01:06:49-03:00,GRU|FRA|2027-04-18|United,e13c14a5fbdf,GRU,FRA,2027-04-18,3300.0,75.3,oportunidade dentro dos criterios
